Date,Month,Pond,Site,Group,Species,TC,PC,MeanL,SDL,SL1,SL2,SL3,SL4,SL5,SL6,SL7,SL8,SL9,SL10,SL11,SL12,SL13,SL14,SL15,SL16,SL17,SL18,SL19,SL20,SL21,SL22,SL23,SL24,SL25,SL26,SL27,SL28,SL29,SL30,Notes
10/25/2022,1,Tule Red,TR2,Inland Silverside,Inland Silverside,40,10,64.73333333,6.543927605,78,62,67,66,58,63,74,73,67,67,61,63,55,62,77,64,78,64,71,67,59,61,67,55,65,59,58,62,54,65,ClAmerican Shad in sein
10/25/2022,1,Tule Red,TR2,Non-native,Yellowfin Goby,1,0,123,#DIV/0!,123,,,,,,,,,,,,,,,,,,,,,,,,,,,,,,ClAmerican Shad in sein
10/25/2022,1,Tule Red,TR2,Non-native,Paliamon Shrimp,2,2,#DIV/0!,#DIV/0!,,,,,,,,,,,,,,,,,,,,,,,,,,,,,,,ClAmerican Shad in sein
10/25/2022,1,Tule Red,TR4,Inland Silverside,Inland Silverside,311,281,46.13333333,6.268329444,45,46,39,55,39,46,42,39,49,60,63,55,47,42,40,42,42,45,46,42,45,42,50,44,43,56,42,48,40,50,
10/25/2022,1,Tule Red,TR4,Non-native,Mosquitofish,112,82,23.36666667,3.428916923,28,24,27,23,23,26,20,24,23,25,24,28,25,20,26,22,18,32,23,25,22,24,20,27,18,15,23,23,22,21,
10/25/2022,1,Tule Red,TR4,Threespine Stickleback,Threespine Stickleback,1,0,23,#DIV/0!,23,,,,,,,,,,,,,,,,,,,,,,,,,,,,,,
10/25/2022,1,Tule Red,TR4,Non-native,Paliamon Shrimp,2,2,#DIV/0!,#DIV/0!,,,,,,,,,,,,,,,,,,,,,,,,,,,,,,,
10/25/2022,1,Tule Red,TR3,Inland Silverside,Inland Silverside,178,148,42.73333333,7.579160782,63,45,41,55,53,39,40,47,46,38,35,42,44,44,35,47,40,34,33,34,28,37,35,49,47,47,53,42,48,41,
10/25/2022,1,Tule Red,TR3,Non-native,Mosquitofish,30,0,20.5,3.126637502,16,21,20,21,22,19,22,20,25,16,24,22,21,22,18,18,17,15,12,22,24,19,24,24,20,23,25,20,22,21,
10/25/2022,1,Tule Red,TR3,Threespine Stickleback,Threespine Stickleback,1,0,33,#DIV/0!,33,,,,,,,,,,,,,,,,,,,,,,,,,,,,,,
10/25/2022,1,Tule Red,TR3,Non-native,Shimofuri Goby,1,0,42,#DIV/0!,42,,,,,,,,,,,,,,,,,,,,,,,,,,,,,,
10/25/2022,1,Tule Red,TR3,Non-native,Paliamon Shrimp,4,4,#DIV/0!,#DIV/0!,,,,,,,,,,,,,,,,,,,,,,,,,,,,,,,
10/26/2022,1,Denverton,DP5,,NONE,0,,#DIV/0!,#DIV/0!,,,,,,,,,,,,,,,,,,,,,,,,,,,,,,,
10/26/2022,1,Denverton,DPOUT,,NONE,0,,#DIV/0!,#DIV/0!,,,,,,,,,,,,,,,,,,,,,,,,,,,,,,,
10/26/2022,1,Denverton,DP3,,NONE,0,,#DIV/0!,#DIV/0!,,,,,,,,,,,,,,,,,,,,,,,,,,,,,,,
11/14/2022,2,Miramonte,MRM7,,NONE,0,,#DIV/0!,#DIV/0!,,,,,,,,,,,,,,,,,,,,,,,,,,,,,,,
10/24/2022,1,Miramonte,MRM5,,NONE,0,,#DIV/0!,#DIV/0!,,,,,,,,,,,,,,,,,,,,,,,,,,,,,,,
10/24/2022,1,Miramonte,MRM6,,NONE,0,,#DIV/0!,#DIV/0!,,,,,,,,,,,,,,,,,,,,,,,,,,,,,,,
11/14/2022,2,Miramonte,MRM5,,NONE,0,,#DIV/0!,#DIV/0!,,,,,,,,,,,,,,,,,,,,,,,,,,,,,,,
11/14/2022,2,Miramonte,MRM6,,NONE,0,,#DIV/0!,#DIV/0!,,,,,,,,,,,,,,,,,,,,,,,,,,,,,,,
10/24/2022,1,Miramonte,MRM7,Non-native,Mosquitofish,1,0,38,#DIV/0!,38,,,,,,,,,,,,,,,,,,,,,,,,,,,,,,
11/15/2022,2,Tule Red,TR4,,NONE,0,,#DIV/0!,#DIV/0!,,,,,,,,,,,,,,,,,,,,,,,,,,,,,,,
11/15/2022,2,Tule Red,TR3,Inland Silverside,Inland Silverside,254,224,39.43333333,6.667902184,42,41,43,43,49,38,41,32,44,41,48,45,43,46,38,39,23,40,49,39,45,34,42,37,34,22,42,28,36,39,
11/15/2022,2,Tule Red,TR3,Non-native,Rainwater Killifish,35,5,20.5,4.376662246,16,22,17,24,12,15,22,20,23,13,16,21,21,17,24,21,19,17,22,25,24,22,25,17,30,22,26,24,13,25,
11/15/2022,2,Tule Red,TR3,Threespine Stickleback,Threespine Stickleback,1,0,29,#DIV/0!,29,,,,,,,,,,,,,,,,,,,,,,,,,,,,,,
11/15/2022,2,Tule Red,TR3,Non-native,Mosquitofish,2,0,32.5,9.192388155,39,26,,,,,,,,,,,,,,,,,,,,,,,,,,,,,
11/15/2022,2,Tule Red,TR3,Non-native,Paliamon Shrimp,1,1,#DIV/0!,#DIV/0!,,,,,,,,,,,,,,,,,,,,,,,,,,,,,,,
11/15/2022,2,Tule Red,TR3,Non-native,Exopaliamon Shrimp,1,1,#DIV/0!,#DIV/0!,,,,,,,,,,,,,,,,,,,,,,,,,,,,,,,
11/15/2022,2,Tule Red,TR2,Non-native,Yellowfin Goby,1,0,110,#DIV/0!,110,,,,,,,,,,,,,,,,,,,,,,,,,,,,,,ClAmerican Shad in sein
11/15/2022,2,Tule Red,TR2,Non-native,Rainwater Killifish,1,0,20,#DIV/0!,20,,,,,,,,,,,,,,,,,,,,,,,,,,,,,,ClAmerican Shad in sein
11/15/2022,2,Tule Red,TR2,Non-native,Shimofuri Goby,1,0,30,#DIV/0!,30,,,,,,,,,,,,,,,,,,,,,,,,,,,,,,ClAmerican Shad in sein
11/15/2022,2,Tule Red,TR2,Non-native,Paliamon Shrimp,4,4,#DIV/0!,#DIV/0!,,,,,,,,,,,,,,,,,,,,,,,,,,,,,,,ClAmerican Shad in sein
11/16/2022,2,Denverton,DPOUT,,NONE,0,,#DIV/0!,#DIV/0!,,,,,,,,,,,,,,,,,,,,,,,,,,,,,,,
11/16/2022,2,Denverton,DP5,,NONE,0,,#DIV/0!,#DIV/0!,,,,,,,,,,,,,,,,,,,,,,,,,,,,,,,
11/16/2022,2,Denverton,DP3,Inland Silverside,Inland Silverside,2,0,58.5,9.192388155,65,52,,,,,,,,,,,,,,,,,,,,,,,,,,,,,
12/14/2022,3,Denverton,DPOUT,,NONE,0,,#DIV/0!,#DIV/0!,,,,,,,,,,,,,,,,,,,,,,,,,,,,,,,
12/14/2022,3,Denverton,DP5,Inland Silverside,Inland Silverside,1,0,76,#DIV/0!,76,,,,,,,,,,,,,,,,,,,,,,,,,,,,,,
12/14/2022,3,Denverton,DP3,,NONE,0,,#DIV/0!,#DIV/0!,,,,,,,,,,,,,,,,,,,,,,,,,,,,,,,
12/15/2022,3,Tule Red,TR4,Inland Silverside,Inland Silverside,81,51,52.46666667,6.452656942,50,55,49,55,60,51,60,53,48,49,65,52,62,65,58,50,53,59,57,45,50,47,39,41,45,51,57,48,52,48,
12/15/2022,3,Tule Red,TR3,Inland Silverside,Inland Silverside,2,0,45.5,10.60660172,53,38,,,,,,,,,,,,,,,,,,,,,,,,,,,,,
12/15/2022,3,Tule Red,TR2,,NONE,0,,#DIV/0!,#DIV/0!,,,,,,,,,,,,,,,,,,,,,,,,,,,,,,,
1/24/2023,4,Tule Red,TR4,Inland Silverside,Inland Silverside,1,0,51,#DIV/0!,51,,,,,,,,,,,,,,,,,,,,,,,,,,,,,,
1/24/2023,4,Tule Red,TR4,Listed,Splittail,1,0,43,#DIV/0!,43,,,,,,,,,,,,,,,,,,,,,,,,,,,,,,
1/24/2023,4,Tule Red,TR4,Native,Pacific Staghorn Sculpin,1,0,25,#DIV/0!,25,,,,,,,,,,,,,,,,,,,,,,,,,,,,,,
1/24/2023,4,Tule Red,TR3,Listed,Chinook Salmon,1,0,39,#DIV/0!,39,,,,,,,,,,,,,,,,,,,,,,,,,,,,,,
1/24/2023,4,Tule Red,TR3,Inland Silverside,Inland Silverside,3,0,48.33333333,10.21436896,60,44,41,,,,,,,,,,,,,,,,,,,,,,,,,,,,
1/24/2023,4,Tule Red,TR3,Native,Pacific Staghorn Sculpin,3,0,29,2.645751311,30,26,31,,,,,,,,,,,,,,,,,,,,,,,,,,,,
1/24/2023,4,Tule Red,TR2,Listed,Chinook Salmon,1,0,39,#DIV/0!,39,,,,,,,,,,,,,,,,,,,,,,,,,,,,,,
1/24/2023,4,Tule Red,TR2,Inland Silverside,Inland Silverside,12,0,52.08333333,10.04949871,54,58,58,38,75,56,46,47,52,37,54,50,,,,,,,,,,,,,,,,,,,
1/24/2023,4,Tule Red,TR2,Non-native,Yellowfin Goby,1,0,104,#DIV/0!,104,,,,,,,,,,,,,,,,,,,,,,,,,,,,,,
1/24/2023,4,Tule Red,TR2,Threespine Stickleback,Threespine Stickleback,2,0,28,2.828427125,26,30,,,,,,,,,,,,,,,,,,,,,,,,,,,,,
1/24/2023,4,Tule Red,TR2,Non-native,Mosquitofish,1,0,23,#DIV/0!,23,,,,,,,,,,,,,,,,,,,,,,,,,,,,,,
1/24/2023,4,Tule Red,TR2,Non-native,Rainwater Killifish,1,0,27,#DIV/0!,27,,,,,,,,,,,,,,,,,,,,,,,,,,,,,,
1/24/2023,4,Tule Red,TR2,Native,Pacific Staghorn Sculpin,2,0,26,1.414213562,25,27,,,,,,,,,,,,,,,,,,,,,,,,,,,,,
1/24/2023,4,Tule Red,TR2,Non-native,Paliamon Shrimp,2,2,#DIV/0!,#DIV/0!,,,,,,,,,,,,,,,,,,,,,,,,,,,,,,,
1/25/2023,4,Denverton,DPOUT,Threespine Stickleback,Threespine Stickleback,1,0,23,#DIV/0!,23,,,,,,,,,,,,,,,,,,,,,,,,,,,,,,
1/25/2023,4,Denverton,DP5,,NONE,0,,#DIV/0!,#DIV/0!,,,,,,,,,,,,,,,,,,,,,,,,,,,,,,,
1/25/2023,4,Denverton,DP3,,NONE,0,,#DIV/0!,#DIV/0!,,,,,,,,,,,,,,,,,,,,,,,,,,,,,,,
2/14/2023,5,Tule Red,TR4,Inland Silverside,Inland Silverside,59,29,67.86666667,11.28848462,79,76,67,88,60,71,62,62,47,53,51,75,74,61,52,51,62,87,72,75,76,74,59,73,66,58,90,75,67,73,
2/14/2023,5,Tule Red,TR4,Listed,Chinook Salmon,1,0,53,#DIV/0!,53,,,,,,,,,,,,,,,,,,,,,,,,,,,,,,
2/14/2023,5,Tule Red,TR4,Native,Pacific Staghorn Sculpin,19,0,30.21052632,4.540912138,26,28,32,36,33,31,28,30,23,33,29,30,25,27,28,25,34,42,34,,,,,,,,,,,,
2/14/2023,5,Tule Red,TR3,Inland Silverside,Inland Silverside,32,2,57.6,11.53585116,59,50,84,62,49,67,48,71,60,45,57,49,36,55,43,66,55,55,65,41,68,44,57,43,70,57,64,76,58,74,
2/14/2023,5,Tule Red,TR3,Listed,Chinook Salmon,1,0,39,#DIV/0!,39,,,,,,,,,,,,,,,,,,,,,,,,,,,,,,
2/14/2023,5,Tule Red,TR3,Native,Pacific Staghorn Sculpin,53,23,30.8,4.634205657,34,31,25,34,24,35,36,35,32,24,24,36,32,25,22,32,29,36,33,38,28,29,30,36,27,37,27,31,35,27,
2/14/2023,5,Tule Red,TR3,Non-native,Paliamon Shrimp,1,1,#DIV/0!,#DIV/0!,,,,,,,,,,,,,,,,,,,,,,,,,,,,,,,
2/14/2023,5,Tule Red,TR3,Non-native,Yellowfin Goby,1,0,134,#DIV/0!,134,,,,,,,,,,,,,,,,,,,,,,,,,,,,,,
2/14/2023,5,Tule Red,TR2,Inland Silverside,Inland Silverside,1,0,58,#DIV/0!,58,,,,,,,,,,,,,,,,,,,,,,,,,,,,,,
2/14/2023,5,Tule Red,TR2,Listed,Splittail,5,0,58,10,64,42,68,56,60,,,,,,,,,,,,,,,,,,,,,,,,,,
2/14/2023,5,Tule Red,TR2,Native,Pacific Staghorn Sculpin,11,0,30.72727273,5.021770785,42,32,24,26,36,31,26,30,32,30,29,,,,,,,,,,,,,,,,,,,,
2/14/2023,5,Tule Red,TR2,Non-native,Paliamon Shrimp,1,1,#DIV/0!,#DIV/0!,,,,,,,,,,,,,,,,,,,,,,,,,,,,,,,
2/14/2023,5,Tule Red,TR2,Threespine Stickleback,Threespine Stickleback,4,1,20.66666667,2.081665999,19,23,20,,,,,,,,,,,,,,,,,,,,,,,,,,,,"One Three Spine Stickleback fell through net and could not be found, added as PC"
2/15/2023,5,Denverton,DPOUT,,NONE,0,,#DIV/0!,#DIV/0!,,,,,,,,,,,,,,,,,,,,,,,,,,,,,,,
2/15/2023,5,Denverton,DP5,,NONE,0,,#DIV/0!,#DIV/0!,,,,,,,,,,,,,,,,,,,,,,,,,,,,,,,
2/15/2023,5,Denverton,DP3,,NONE,0,,#DIV/0!,#DIV/0!,,,,,,,,,,,,,,,,,,,,,,,,,,,,,,,
3/20/2023,6,Miramonte,MRM7,Threespine Stickleback,Threespine Stickleback,1,0,31,#DIV/0!,31,,,,,,,,,,,,,,,,,,,,,,,,,,,,,,
3/20/2023,6,Miramonte,MRM5,,NONE,0,,#DIV/0!,#DIV/0!,,,,,,,,,,,,,,,,,,,,,,,,,,,,,,,
3/20/2023,6,Miramonte,MRM6,,NONE,0,,#DIV/0!,#DIV/0!,,,,,,,,,,,,,,,,,,,,,,,,,,,,,,,
3/21/2023,6,Denverton,DPOUT,Threespine Stickleback,Threespine Stickleback,7,0,24.28571429,3.903600292,20,30,23,22,25,21,29,,,,,,,,,,,,,,,,,,,,,,,,
3/23/2023,6,Tule Red,TR4,Inland Silverside,Inland Silverside,142,112,66.36666667,10.34735793,64,73,66,64,69,72,67,64,59,62,71,51,73,79,60,84,82,75,77,74,73,63,46,61,70,61,80,59,43,49,
3/23/2023,6,Tule Red,TR4,Native,Pacific Staghorn Sculpin,12,0,32.75,12.98338099,23,28,32,34,64,45,23,44,35,19,24,22,,,,,,,,,,,,,,,,,,,
3/23/2023,6,Tule Red,TR4,Native,Sacramento Pikeminnow,1,0,79,#DIV/0!,79,,,,,,,,,,,,,,,,,,,,,,,,,,,,,,
3/23/2023,6,Tule Red,TR4,Listed,Splittail,6,0,58.33333333,26.47766354,58,105,57,62,42,26,,,,,,,,,,,,,,,,,,,,,,,,,
3/23/2023,6,Tule Red,TR3,Inland Silverside,Inland Silverside,23,0,52.86956522,11.89080756,63,62,72,64,61,72,54,37,38,60,47,65,59,49,41,42,54,33,34,62,51,41,55,,,,,,,,
3/23/2023,6,Tule Red,TR3,Non-native,Common Carp,1,0,440,#DIV/0!,440,,,,,,,,,,,,,,,,,,,,,,,,,,,,,,
3/23/2023,6,Tule Red,TR3,Native,Pacific Staghorn Sculpin,51,21,36.36666667,9.03816938,32,39,18,40,34,45,38,48,38,46,35,21,36,40,41,49,43,38,42,33,40,24,42,35,41,25,45,18,19,46,
3/23/2023,6,Tule Red,TR3,Native,Sacramento Pikeminnow,5,0,61.6,14.2933551,75,55,66,72,40,,,,,,,,,,,,,,,,,,,,,,,,,,
3/23/2023,6,Tule Red,TR3,Listed,Chinook Salmon,1,0,71,#DIV/0!,71,,,,,,,,,,,,,,,,,,,,,,,,,,,,,,
3/23/2023,6,Tule Red,TR2,Native,Pacific Staghorn Sculpin,1,0,20,#DIV/0!,20,,,,,,,,,,,,,,,,,,,,,,,,,,,,,,
3/23/2023,6,Tule Red,TR2,Listed,Chinook Salmon,1,0,31,#DIV/0!,31,,,,,,,,,,,,,,,,,,,,,,,,,,,,,,
4/25/2023,7,Tule Red,TR4,Inland Silverside,Inland Silverside,14,0,72.57142857,6.824326236,75,73,64,69,73,78,77,70,83,76,80,76,60,62,,,,,,,,,,,,,,,,,Very Windy
4/25/2023,7,Tule Red,TR3,Inland Silverside,Inland Silverside,10,0,71,9.177266599,82,73,68,79,78,69,74,60,52,75,,,,,,,,,,,,,,,,,,,,,Very Windy
4/25/2023,7,Tule Red,TR3,Native,Sacramento Pikeminnow,3,0,66,4.582575695,67,70,61,,,,,,,,,,,,,,,,,,,,,,,,,,,,Very Windy
4/25/2023,7,Tule Red,TR3,Threespine Stickleback,Threespine Stickleback,6,0,37.16666667,8.352644292,40,44,36,40,21,42,,,,,,,,,,,,,,,,,,,,,,,,,Very Windy
4/25/2023,7,Tule Red,TR3,Non-native,Mosquitofish,3,0,32.33333333,1.154700538,33,31,33,,,,,,,,,,,,,,,,,,,,,,,,,,,,Very Windy
4/25/2023,7,Tule Red,TR3,Native,Prickly Sculpin,3,0,27.33333333,2.516611478,25,27,30,,,,,,,,,,,,,,,,,,,,,,,,,,,,Very Windy
4/25/2023,7,Tule Red,TR3,Non-native,Exopaliamon Shrimp,11,11,#DIV/0!,#DIV/0!,,,,,,,,,,,,,,,,,,,,,,,,,,,,,,,Very Windy
4/25/2023,7,Tule Red,TR2,Threespine Stickleback,Threespine Stickleback,2,0,37,5.656854249,41,33,,,,,,,,,,,,,,,,,,,,,,,,,,,,,
4/25/2023,7,Tule Red,TR2,Native,Prickly Sculpin,2,0,27.5,10.60660172,35,20,,,,,,,,,,,,,,,,,,,,,,,,,,,,,
4/25/2023,7,Tule Red,TR2,Native,Pacific Staghorn Sculpin,1,0,45,#DIV/0!,45,,,,,,,,,,,,,,,,,,,,,,,,,,,,,,
4/25/2023,7,Tule Red,TR2,Non-native,Exopaliamon Shrimp,3,3,#DIV/0!,#DIV/0!,,,,,,,,,,,,,,,,,,,,,,,,,,,,,,,
5/22/2023,8,Miramonte,MRM5,Threespine Stickleback,Threespine Stickleback,2921,2891,31.36666667,4.649681734,33,40,31,23,27,27,30,38,30,32,32,34,30,31,32,30,36,29,30,31,32,31,30,30,24,36,28,29,28,47,
5/22/2023,8,Miramonte,MRM5,Listed,Splittail,7,0,59.28571429,3.251373336,60,58,65,59,54,60,59,,,,,,,,,,,,,,,,,,,,,,,,
5/22/2023,8,Miramonte,MRM5,Native,Prickly Sculpin,3,0,38.33333333,2.081665999,36,40,39,,,,,,,,,,,,,,,,,,,,,,,,,,,,
5/22/2023,8,Miramonte,MRM6,Threespine Stickleback,Threespine Stickleback,74,44,31.03333333,5.714369868,35,37,29,40,31,32,30,31,49,28,22,34,28,29,28,30,26,31,30,26,21,44,30,28,31,30,32,30,26,33,
5/22/2023,8,Miramonte,MRM6,Native,Prickly Sculpin,40,10,37.5,6.730015115,38,36,36,32,32,31,33,36,41,37,33,40,31,55,58,34,36,36,37,32,33,35,33,49,43,47,36,37,35,33,
5/22/2023,8,Miramonte,MRM6,Listed,Splittail,1,0,39,#DIV/0!,39,,,,,,,,,,,,,,,,,,,,,,,,,,,,,,
5/22/2023,8,Miramonte,MRM6,Non-native,Paliamon Shrimp,4,4,#DIV/0!,#DIV/0!,,,,,,,,,,,,,,,,,,,,,,,,,,,,,,,
5/22/2023,8,Miramonte,MRM6,Native,California Bay Shrimp,1,1,#DIV/0!,#DIV/0!,,,,,,,,,,,,,,,,,,,,,,,,,,,,,,,
5/23/2023,8,Tule Red,TR4,Threespine Stickleback,Threespine Stickleback,109,79,34,8.00861605,40,27,28,27,30,43,20,36,25,31,32,38,37,32,33,39,37,44,29,49,29,28,25,33,22,40,50,45,45,26,
5/23/2023,8,Tule Red,TR4,Native,Prickly Sculpin,25,0,38,7.653975002,69,40,42,41,36,37,36,43,35,35,31,45,32,38,35,35,40,32,38,33,35,40,41,28,33,,,,,,
5/23/2023,8,Tule Red,TR4,Native,Sacramento Pikeminnow,6,0,86,12.42577965,95,77,99,97,70,78,,,,,,,,,,,,,,,,,,,,,,,,,
5/23/2023,8,Tule Red,TR4,Non-native,Rainwater Killifish,465,435,30.46666667,3.256117143,30,30,30,33,34,32,30,29,25,35,29,26,36,35,30,25,30,33,30,32,31,25,33,36,26,30,25,31,32,31,
5/23/2023,8,Tule Red,TR4,Inland Silverside,Inland Silverside,170,140,61.16666667,7.511294178,63,65,52,70,72,66,74,61,65,67,68,61,61,65,65,48,48,56,70,62,67,51,56,63,65,48,60,52,50,64,
5/23/2023,8,Tule Red,TR4,Native,Pacific Staghorn Sculpin,4,0,63.5,21.29945226,50,95,51,58,,,,,,,,,,,,,,,,,,,,,,,,,,,
5/23/2023,8,Tule Red,TR4,Non-native,Shimofuri Goby,1,0,40,#DIV/0!,40,,,,,,,,,,,,,,,,,,,,,,,,,,,,,,
5/23/2023,8,Tule Red,TR4,Non-native,Mosquitofish,1,0,32,#DIV/0!,32,,,,,,,,,,,,,,,,,,,,,,,,,,,,,,
5/23/2023,8,Tule Red,TR4,Listed,Splittail,1,0,31,#DIV/0!,31,,,,,,,,,,,,,,,,,,,,,,,,,,,,,,
5/23/2023,8,Tule Red,TR4,Non-native,Yellowfin Goby,1,0,41,#DIV/0!,41,,,,,,,,,,,,,,,,,,,,,,,,,,,,,,
5/23/2023,8,Tule Red,TR3,Non-native,Rainwater Killifish,82,52,29.63333333,3.274597457,26,32,29,28,28,35,32,26,38,31,33,25,29,25,29,25,29,27,35,34,28,29,30,28,32,32,31,29,26,28,
5/23/2023,8,Tule Red,TR3,Threespine Stickleback,Threespine Stickleback,160,130,33.06666667,8.106758923,30,34,42,22,52,43,24,25,42,37,21,37,32,44,33,31,31,26,22,34,45,49,30,28,32,32,31,29,26,28,
5/23/2023,8,Tule Red,TR3,Listed,Splittail,7,0,26.42857143,2.507132682,30,28,25,24,25,24,29,,,,,,,,,,,,,,,,,,,,,,,,
5/23/2023,8,Tule Red,TR3,Inland Silverside,Inland Silverside,46,16,60.73333333,8.24593247,77,60,70,40,60,69,55,75,77,65,54,61,70,64,54,64,58,52,55,54,57,52,60,66,62,60,52,65,57,57,
5/23/2023,8,Tule Red,TR3,Native,Pacific Staghorn Sculpin,6,0,53.66666667,5.046450898,51,53,51,62,48,57,,,,,,,,,,,,,,,,,,,,,,,,,
5/23/2023,8,Tule Red,TR3,Native,Tule Perch,16,0,35.3125,3.026962174,38,34,37,40,33,34,32,36,40,36,40,36,33,32,33,31,,,,,,,,,,,,,,,
5/23/2023,8,Tule Red,TR3,Native,Prickly Sculpin,18,0,36,7.844068572,42,40,30,40,41,46,21,42,45,40,38,22,42,36,37,35,26,25,,,,,,,,,,,,,
5/23/2023,8,Tule Red,TR3,Native,Sacramento Pikeminnow,1,0,87,#DIV/0!,87,,,,,,,,,,,,,,,,,,,,,,,,,,,,,,
5/23/2023,8,Tule Red,TR3,Non-native,Yellowfin Goby,3,0,30.66666667,10.69267662,43,25,24,,,,,,,,,,,,,,,,,,,,,,,,,,,,
5/23/2023,8,Tule Red,TR2,Inland Silverside,Inland Silverside,2,0,57,11.3137085,65,49,,,,,,,,,,,,,,,,,,,,,,,,,,,,,
5/23/2023,8,Tule Red,TR2,Native,Starry Flounder,1,0,44,#DIV/0!,44,,,,,,,,,,,,,,,,,,,,,,,,,,,,,,
5/23/2023,8,Tule Red,TR2,Non-native,Common Carp,1,0,470,#DIV/0!,470,,,,,,,,,,,,,,,,,,,,,,,,,,,,,,
5/23/2023,8,Tule Red,TR2,Non-native,Yellowfin Goby,1,0,29,#DIV/0!,29,,,,,,,,,,,,,,,,,,,,,,,,,,,,,,
5/23/2023,8,Tule Red,TR2,Listed,Splittail,1,0,30,#DIV/0!,30,,,,,,,,,,,,,,,,,,,,,,,,,,,,,,
5/23/2023,8,Tule Red,TR2,Native,Prickly Sculpin,1,0,46,#DIV/0!,46,,,,,,,,,,,,,,,,,,,,,,,,,,,,,,
5/24/2023,8,Denverton,DPOUT,Threespine Stickleback,Threespine Stickleback,59,29,27.5,6.926958829,40,29,22,28,35,19,23,27,22,23,23,24,25,21,24,24,24,25,25,29,35,45,48,31,22,27,27,29,28,21,
5/24/2023,8,Denverton,DPOUT,Non-native,Golden Shiner,21,0,24.85714286,3.718678721,25,30,24,21,22,25,23,23,27,31,20,25,25,28,27,28,16,22,22,29,29,,,,,,,,,,
5/24/2023,8,Denverton,DPOUT,Native,Tule Perch,10,0,21.7,4.473378042,33,20,19,20,25,18,19,20,23,20,,,,,,,,,,,,,,,,,,,,,
5/24/2023,8,Denverton,DPOUT,Listed,Splittail,24,0,19.75,3.626592604,31,29,19,18,20,18,17,16,19,17,20,17,18,19,18,19,19,20,18,23,18,18,24,19,,,,,,,
5/24/2023,8,Denverton,DPOUT,Native,Prickly Sculpin,1,0,26,#DIV/0!,26,,,,,,,,,,,,,,,,,,,,,,,,,,,,,,
5/24/2023,8,Denverton,DPOUT,Non-native,Mosquitofish,11,0,22.27272727,10.58386422,35,41,14,19,14,16,16,39,14,17,20,,,,,,,,,,,,,,,,,,,,
5/24/2023,8,Denverton,DP5,Threespine Stickleback,Threespine Stickleback,23,0,20.47826087,5.088932423,27,20,19,23,22,22,19,20,23,24,24,25,26,21,22,23,25,26,11,12,10,13,14,,,,,,,,
5/24/2023,8,Denverton,DP5,Native,Tule Perch,2,0,25,2.828427125,23,27,,,,,,,,,,,,,,,,,,,,,,,,,,,,,
5/24/2023,8,Denverton,DP5,Listed,Splittail,3,0,18.66666667,1.154700538,18,20,18,,,,,,,,,,,,,,,,,,,,,,,,,,,,
5/24/2023,8,Denverton,DP5,Native,Prickly Sculpin,1,0,23,#DIV/0!,23,,,,,,,,,,,,,,,,,,,,,,,,,,,,,,
5/24/2023,8,Denverton,DP5,Non-native,Bullfrog Tadpole,3,0,43,8.888194417,40,53,36,,,,,,,,,,,,,,,,,,,,,,,,,,,,No legs
5/24/2023,8,Denverton,DP5,Threespine Stickleback,Threespine Stickleback,19,0,27.73684211,3.709478928,26,32,25,25,28,36,31,26,25,25,35,24,26,30,25,28,24,25,31,,,,,,,,,,,,
5/24/2023,8,Denverton,DP5,Native,Tule Perch,27,0,22.51851852,2.190370014,23,20,21,22,23,20,21,22,22,23,24,26,20,21,25,21,24,26,20,22,23,29,20,23,24,22,21,,,,
5/24/2023,8,Denverton,DP5,Inland Silverside,Inland Silverside,1,0,67,#DIV/0!,67,,,,,,,,,,,,,,,,,,,,,,,,,,,,,,
5/24/2023,8,Denverton,DP5,Non-native,Golden Shiner,1,0,29,#DIV/0!,29,,,,,,,,,,,,,,,,,,,,,,,,,,,,,,
5/24/2023,8,Denverton,DP5,Listed,Splittail,20,0,30.95,3.531437757,34,26,33,34,35,28,31,30,30,32,35,22,29,30,32,32,26,30,35,35,,,,,,,,,,,
5/24/2023,8,Denverton,DP5,Native,Prickly Sculpin,3,0,33,5.291502622,39,29,31,,,,,,,,,,,,,,,,,,,,,,,,,,,,
5/24/2023,8,Denverton,DP5,Non-native,Exopaliamon Shrimp,1,1,#DIV/0!,#DIV/0!,,,,,,,,,,,,,,,,,,,,,,,,,,,,,,,
6/15/2023,9,Tule Red,TR4,Non-native,Rainwater Killifish,644,614,32.43333333,3.710965423,32,35,35,30,31,35,30,36,34,30,37,27,31,31,35,34,30,34,24,34,34,25,33,34,37,26,30,40,36,33,
6/15/2023,9,Tule Red,TR4,Inland Silverside,Inland Silverside,683,653,27.63333333,8.434262363,68,27,25,25,38,29,31,24,25,27,25,27,23,28,21,26,21,25,25,25,31,30,26,22,24,29,30,20,27,25,
6/15/2023,9,Tule Red,TR4,Listed,Splittail,68,38,36.66666667,5.067362324,32,28,41,36,34,36,39,42,50,34,43,45,33,42,44,33,40,32,30,30,34,37,34,32,35,35,34,40,38,37,
6/15/2023,9,Tule Red,TR4,Native,Tule Perch,1,0,30,#DIV/0!,30,,,,,,,,,,,,,,,,,,,,,,,,,,,,,,
6/15/2023,9,Tule Red,TR4,Threespine Stickleback,Threespine Stickleback,33,3,25.2,9.022577046,43,43,41,23,40,23,42,15,23,40,17,21,22,28,20,23,29,25,26,20,20,15,19,20,20,25,16,22,14,21,
6/15/2023,9,Tule Red,TR4,Non-native,Yellowfin Goby,6,0,45.16666667,10.34246908,38,41,63,45,50,34,,,,,,,,,,,,,,,,,,,,,,,,,
7/18/2023,10,Tule Red,TR4,Inland Silverside,Inland Silverside,9,0,31,6.284902545,42,33,29,35,36,30,28,25,21,,,,,,,,,,,,,,,,,,,,,,
7/18/2023,10,Tule Red,TR4,Non-native,Rainwater Killifish,39,9,35.8,4.551619644,41,39,38,39,41,39,37,36,31,33,31,41,35,37,43,39,36,34,30,30,22,29,34,36,34,40,38,39,39,33,
7/18/2023,10,Tule Red,TR4,Non-native,Yellowfin Goby,1,0,80,#DIV/0!,80,,,,,,,,,,,,,,,,,,,,,,,,,,,,,,
7/18/2023,10,Tule Red,TR4,Threespine Stickleback,Threespine Stickleback,6,0,28.83333333,8.931218655,28,24,43,21,36,21,,,,,,,,,,,,,,,,,,,,,,,,,
7/18/2023,10,Tule Red,TR3,Inland Silverside,Inland Silverside,427,397,33.8,6.019508515,29,35,42,33,30,35,31,37,48,37,40,35,33,41,28,24,32,35,37,30,29,25,40,38,30,33,40,40,23,24,"additonal lengths for Christian 41, 40. Short width tow due to obstacles, 5m width, short tow due to obstacles ~5m"
7/18/2023,10,Tule Red,TR3,Non-native,Rainwater Killifish,24,0,32.45833333,7.999886775,42,41,43,33,34,39,33,35,17,32,20,40,19,16,31,33,39,34,30,35,24,30,38,41,,,,,,,"additonal lengths for Christian 41, 40. Short width tow due to obstacles, 5m width, short tow due to obstacles ~5m"
7/18/2023,10,Tule Red,TR3,Non-native,Golden Shiner,1,0,80,#DIV/0!,80,,,,,,,,,,,,,,,,,,,,,,,,,,,,,,"additonal lengths for Christian 41, 40. Short width tow due to obstacles, 5m width, short tow due to obstacles ~5m"
7/18/2023,10,Tule Red,TR3,Native,Prickly Sculpin,1,0,39,#DIV/0!,39,,,,,,,,,,,,,,,,,,,,,,,,,,,,,,"additonal lengths for Christian 41, 40. Short width tow due to obstacles, 5m width, short tow due to obstacles ~5m"
7/18/2023,10,Tule Red,TR3,Threespine Stickleback,Threespine Stickleback,9,0,30.88888889,5.487359211,40,29,30,25,39,26,30,33,26,,,,,,,,,,,,,,,,,,,,,,"additonal lengths for Christian 41, 40. Short width tow due to obstacles, 5m width, short tow due to obstacles ~5m"
7/18/2023,10,Tule Red,TR3,Non-native,Yellowfin Goby,1,0,49,#DIV/0!,49,,,,,,,,,,,,,,,,,,,,,,,,,,,,,,"additonal lengths for Christian 41, 40. Short width tow due to obstacles, 5m width, short tow due to obstacles ~5m"
7/18/2023,10,Tule Red,TR3,Non-native,Exopaliamon Shrimp,2,2,#DIV/0!,#DIV/0!,,,,,,,,,,,,,,,,,,,,,,,,,,,,,,,"additonal lengths for Christian 41, 40. Short width tow due to obstacles, 5m width, short tow due to obstacles ~5m"
7/18/2023,10,Tule Red,TR2,Inland Silverside,Inland Silverside,3,0,63.66666667,18.00925688,76,72,43,,,,,,,,,,,,,,,,,,,,,,,,,,,,
7/18/2023,10,Tule Red,TR2,Listed,Splittail,4,0,52,6.976149845,53,60,43,52,,,,,,,,,,,,,,,,,,,,,,,,,,,
7/18/2023,10,Tule Red,TR2,Non-native,Stripped Bass,4,0,45.25,3.862210075,40,49,45,47,,,,,,,,,,,,,,,,,,,,,,,,,,,
7/18/2023,10,Tule Red,TR2,Threespine Stickleback,Threespine Stickleback,1,0,26,#DIV/0!,26,,,,,,,,,,,,,,,,,,,,,,,,,,,,,,
7/18/2023,10,Tule Red,TR2,Non-native,Yellowfin Goby,2,0,55,0,55,55,,,,,,,,,,,,,,,,,,,,,,,,,,,,,
7/19/2023,10,Denverton,DPOUT,Threespine Stickleback,Threespine Stickleback,2,0,34.5,24.74873734,17,52,,,,,,,,,,,,,,,,,,,,,,,,,,,,,Many frogs and dragonfly nymphs
7/19/2023,10,Denverton,DP5,Threespine Stickleback,Threespine Stickleback,3,0,45.33333333,15.30795,51,57,28,,,,,,,,,,,,,,,,,,,,,,,,,,,,
7/19/2023,10,Denverton,DP5,Native,Prickly Sculpin,1,0,32,#DIV/0!,32,,,,,,,,,,,,,,,,,,,,,,,,,,,,,,
7/19/2023,10,Denverton,DP5,Threespine Stickleback,Threespine Stickleback,56,26,36.86666667,8.348996774,37,52,41,45,37,39,32,33,32,39,32,27,34,32,34,34,23,58,44,28,52,42,52,36,36,31,35,32,31,26,
7/19/2023,10,Denverton,DP5,Non-native,Mosquitofish,2,0,33.5,2.121320344,32,35,,,,,,,,,,,,,,,,,,,,,,,,,,,,,
7/19/2023,10,Denverton,DP5,Native,Tule Perch,1,0,46,#DIV/0!,46,,,,,,,,,,,,,,,,,,,,,,,,,,,,,,
7/19/2023,10,Denverton,DP5,Native,Prickly Sculpin,1,0,45,#DIV/0!,45,,,,,,,,,,,,,,,,,,,,,,,,,,,,,,
7/19/2023,10,Denverton,DP5,Non-native,Exopaliamon Shrimp,4,4,#DIV/0!,#DIV/0!,,,,,,,,,,,,,,,,,,,,,,,,,,,,,,,
8/21/2023,11,Tule Red,TR4,Inland Silverside,Inland Silverside,804,774,49.1,9.753337183,48,45,42,37,50,52,47,46,49,50,58,47,43,50,45,55,40,49,39,80,77,54,57,48,44,50,50,43,45,33,
8/21/2023,11,Tule Red,TR4,Threespine Stickleback,Threespine Stickleback,204,174,29.1,7.004185941,25,48,25,29,42,38,23,27,27,25,26,25,23,37,45,24,21,35,27,25,33,26,31,29,20,26,22,33,26,30,
8/21/2023,11,Tule Red,TR4,Non-native,Mosquitofish,124,94,28.06666667,5.988110826,22,23,21,34,35,39,24,27,27,33,23,22,36,24,29,24,21,26,27,35,32,37,27,25,40,24,26,21,22,36,
8/21/2023,11,Tule Red,TR4,Non-native,Black Bass,3,0,42.66666667,8.326663998,36,52,40,,,,,,,,,,,,,,,,,,,,,,,,,,,,
8/21/2023,11,Tule Red,TR4,Native,Prickly Sculpin,1,0,53,#DIV/0!,53,,,,,,,,,,,,,,,,,,,,,,,,,,,,,,
8/21/2023,11,Tule Red,TR4,Non-native,Yellowfin Goby,1,0,91,#DIV/0!,91,,,,,,,,,,,,,,,,,,,,,,,,,,,,,,
8/21/2023,11,Tule Red,TR4,Non-native,Exopaliamon Shrimp,4,4,#DIV/0!,#DIV/0!,,,,,,,,,,,,,,,,,,,,,,,,,,,,,,,
8/21/2023,11,Tule Red,TR3,Inland Silverside,Inland Silverside,385,355,42.66666667,9.58566938,62,30,42,39,51,36,39,47,28,52,50,50,35,43,39,44,52,51,31,53,24,46,28,40,55,58,43,33,41,38,
8/21/2023,11,Tule Red,TR3,Threespine Stickleback,Threespine Stickleback,12,0,26.41666667,6.680478118,33,36,36,28,27,28,30,22,17,18,19,23,,,,,,,,,,,,,,,,,,,
8/21/2023,11,Tule Red,TR3,Non-native,Mosquitofish,215,185,23.8,6.271995778,21,21,22,19,22,20,31,34,21,22,20,13,20,39,24,32,13,25,23,20,19,31,25,27,29,19,22,24,37,19,
8/21/2023,11,Tule Red,TR3,Native,Prickly Sculpin,7,0,43.71428571,12.21630448,41,45,33,46,38,69,34,,,,,,,,,,,,,,,,,,,,,,,,
8/21/2023,11,Tule Red,TR3,Non-native,Yellowfin Goby,3,0,68,13.74772708,80,71,53,,,,,,,,,,,,,,,,,,,,,,,,,,,,
8/21/2023,11,Tule Red,TR3,Non-native,Black Bass,2,0,42,7.071067812,37,47,,,,,,,,,,,,,,,,,,,,,,,,,,,,,
8/21/2023,11,Tule Red,TR3,Non-native,Shimofuri Goby,1,0,40,#DIV/0!,40,,,,,,,,,,,,,,,,,,,,,,,,,,,,,,
8/21/2023,11,Tule Red,TR3,Non-native,Exopaliamon Shrimp,19,19,#DIV/0!,#DIV/0!,,,,,,,,,,,,,,,,,,,,,,,,,,,,,,,
8/21/2023,11,Tule Red,TR3,Native,California Bay Shrimp,1,1,#DIV/0!,#DIV/0!,,,,,,,,,,,,,,,,,,,,,,,,,,,,,,,
8/21/2023,11,Tule Red,TR2,Inland Silverside,Inland Silverside,14,0,49.07142857,8.453167688,34,48,47,49,44,55,49,35,57,47,61,47,50,64,,,,,,,,,,,,,,,,,
8/21/2023,11,Tule Red,TR2,Non-native,American Shad,1,0,41,#DIV/0!,41,,,,,,,,,,,,,,,,,,,,,,,,,,,,,,
8/21/2023,11,Tule Red,TR2,Listed,Splittail,1,0,79,#DIV/0!,79,,,,,,,,,,,,,,,,,,,,,,,,,,,,,,
8/23/2023,11,Denverton,DP3,Non-native,Black Crappie,91,61,50.96666667,3.378260451,49,58,46,49,46,50,53,55,47,54,52,49,54,48,52,60,48,53,54,52,50,53,51,52,47,50,47,52,50,48,
8/23/2023,11,Denverton,DP3,Inland Silverside,Inland Silverside,17,0,57,9.848857802,62,78,59,49,55,60,52,80,57,55,54,54,59,57,47,51,40,,,,,,,,,,,,,,
8/23/2023,11,Denverton,DP3,Threespine Stickleback,Threespine Stickleback,2,0,38,14.14213562,48,28,,,,,,,,,,,,,,,,,,,,,,,,,,,,,
8/23/2023,11,Denverton,DP5,Threespine Stickleback,Threespine Stickleback,20,0,29.3,6.562252502,27,32,30,25,24,28,36,47,28,30,28,26,27,24,21,25,33,44,27,24,,,,,,,,,,,
8/23/2023,11,Denverton,DP5,Inland Silverside,Inland Silverside,12,0,50.58333333,2.968266508,50,52,51,49,51,52,46,55,46,55,48,52,,,,,,,,,,,,,,,,,,,
8/23/2023,11,Denverton,DP5,Non-native,Black Crappie,8,0,48.625,3.502550091,53,54,49,46,47,50,45,45,,,,,,,,,,,,,,,,,,,,,,,
8/23/2023,11,Denverton,DP5,Non-native,Common Carp,2,0,102.5,2.121320344,104,101,,,,,,,,,,,,,,,,,,,,,,,,,,,,,
8/23/2023,11,Denverton,DPOUT,Non-native,Black Crappie,6,0,50.33333333,4.718756898,43,49,55,49,50,56,,,,,,,,,,,,,,,,,,,,,,,,,
8/23/2023,11,Denverton,DPOUT,Non-native,Mosquitofish,145,115,32.8,5.121960831,28,28,25,36,30,34,38,37,34,30,27,32,26,40,41,32,44,29,32,33,29,26,40,38,28,31,37,35,27,37,
8/23/2023,11,Denverton,DPOUT,Inland Silverside,Inland Silverside,1,0,48,#DIV/0!,48,,,,,,,,,,,,,,,,,,,,,,,,,,,,,,
8/23/2023,11,Denverton,DPOUT,Threespine Stickleback,Threespine Stickleback,16,0,29.25,3.54964787,33,31,35,25,26,28,25,27,34,28,25,27,34,29,28,33,,,,,,,,,,,,,,,
4/1/2024,19,Miramonte,MRM5,Threespine Stickleback,Threespine Stickleback,1365,1335,21.93333333,2.993479504,22,22,24,27,23,24,23,24,23,24,28,19,19,28,22,23,23,21,16,18,20,22,20,21,20,26,19,18,18,21,
4/1/2024,19,Miramonte,MRM5,Non-native,Mosquitofish,4,0,28.25,5.678908346,32,32,29,20,,,,,,,,,,,,,,,,,,,,,,,,,,,
4/1/2024,19,Miramonte,MRM5,Native,Prickly Sculpin,47,17,24.33333333,4.520705875,28,21,30,32,24,34,22,22,20,24,25,22,35,30,22,25,23,22,22,21,22,21,26,30,26,24,18,20,22,17,
4/1/2024,19,Miramonte,MRM5,Non-native,Bullfrog Tadpole,1,0,31,#DIV/0!,31,,,,,,,,,,,,,,,,,,,,,,,,,,,,,,
4/1/2024,19,Miramonte,MRM6,Native,Pacific Herring,3,0,42,7,42,49,35,,,,,,,,,,,,,,,,,,,,,,,,,,,,
4/1/2024,19,Miramonte,MRM6,Threespine Stickleback,Threespine Stickleback,4071,4041,22.86666667,3.997700488,32,24,16,22,20,22,21,22,22,18,19,22,18,24,33,28,28,28,23,26,18,18,24,20,24,23,23,24,22,22,
4/1/2024,19,Miramonte,MRM6,Non-native,Mosquitofish,30,0,30.93333333,4.961460667,33,38,30,28,33,22,34,32,28,29,32,27,32,30,31,35,34,29,24,44,43,28,33,32,22,31,29,28,31,26,
4/1/2024,19,Miramonte,MRM6,Native,Prickly Sculpin,48,18,27.6,11.45786885,24,20,35,28,30,32,18,25,22,33,27,30,18,28,19,19,32,24,32,32,28,28,24,24,81,16,24,16,32,27,
3/6/2024,18,Miramonte,MRM7,Threespine Stickleback,Threespine Stickleback,129,99,28.36666667,4.429395018,25,33,24,24,29,24,28,30,36,34,23,27,24,36,29,28,26,21,38,33,25,24,29,33,26,33,24,28,30,27,
3/6/2024,18,Miramonte,MRM7,Native,Prickly Sculpin,1,0,21,#DIV/0!,21,,,,,,,,,,,,,,,,,,,,,,,,,,,,,,
3/6/2024,18,Miramonte,MRM7,Non-native,Exopaliamon Shrimp,5,5,#DIV/0!,#DIV/0!,,,,,,,,,,,,,,,,,,,,,,,,,,,,,,,
3/6/2024,18,Miramonte,MRM6,Threespine Stickleback,Threespine Stickleback,247,217,28.26666667,3.885723945,28,29,33,26,33,27,24,32,26,27,32,35,28,28,24,30,32,37,24,28,22,24,23,27,24,23,32,29,31,30,
3/6/2024,18,Miramonte,MRM6,Native,Pacific Herring,1,0,37,#DIV/0!,37,,,,,,,,,,,,,,,,,,,,,,,,,,,,,,
3/6/2024,18,Miramonte,MRM6,Native,Prickly Sculpin,7,0,23.14285714,2.544836041,22,24,19,22,27,25,23,,,,,,,,,,,,,,,,,,,,,,,,
3/6/2024,18,Miramonte,MRM6,Native,California Bay Shrimp,1,1,#DIV/0!,#DIV/0!,,,,,,,,,,,,,,,,,,,,,,,,,,,,,,,
3/6/2024,18,Miramonte,MRM6,Non-native,Exopaliamon Shrimp,1,1,#DIV/0!,#DIV/0!,,,,,,,,,,,,,,,,,,,,,,,,,,,,,,,
3/6/2024,18,Miramonte,MRM5,Threespine Stickleback,Threespine Stickleback,33,3,29.63333333,6.46200211,33,41,21,38,29,31,34,30,23,42,23,34,20,17,33,35,23,33,34,25,25,34,23,38,30,31,21,26,33,29,
3/6/2024,18,Miramonte,MRM5,Non-native,Mosquitofish,4,0,30.5,5.196152423,38,26,29,29,,,,,,,,,,,,,,,,,,,,,,,,,,,
3/6/2024,18,Miramonte,MRM5,Native,Prickly Sculpin,2,0,24.5,3.535533906,27,22,,,,,,,,,,,,,,,,,,,,,,,,,,,,,
3/6/2024,18,Miramonte,MRM5,Non-native,Exopaliamon Shrimp,1,1,#DIV/0!,#DIV/0!,,,,,,,,,,,,,,,,,,,,,,,,,,,,,,,
2/21/2024,17,Denverton,DPOUT,,NONE,0,,#DIV/0!,#DIV/0!,,,,,,,,,,,,,,,,,,,,,,,,,,,,,,,
2/21/2024,17,Denverton,DP5,,NONE,0,,#DIV/0!,#DIV/0!,,,,,,,,,,,,,,,,,,,,,,,,,,,,,,,
3/7/2024,18,Tule Red,TR3,Inland Silverside,Inland Silverside,85,55,54.5,7.977338593,79,53,45,51,60,65,59,55,55,50,54,53,54,55,54,65,65,49,51,53,42,47,46,50,51,47,55,53,71,48,
3/7/2024,18,Tule Red,TR3,Native,Sacramento Sucker,1,0,61,#DIV/0!,61,,,,,,,,,,,,,,,,,,,,,,,,,,,,,,
3/7/2024,18,Tule Red,TR3,Listed,Chinook Salmon,3,0,39,6.244997998,44,32,41,,,,,,,,,,,,,,,,,,,,,,,,,,,,
3/7/2024,18,Tule Red,TR3,Native,Pacific Staghorn Sculpin,8,0,42.75,12.20948109,45,45,64,30,44,33,28,53,,,,,,,,,,,,,,,,,,,,,,,
3/7/2024,18,Tule Red,TR3,Non-native,Rainwater Killifish,5,0,26.8,3.1144823,30,29,24,28,23,,,,,,,,,,,,,,,,,,,,,,,,,,
3/7/2024,18,Tule Red,TR3,Non-native,Shimofuri Goby,1,0,32,#DIV/0!,32,,,,,,,,,,,,,,,,,,,,,,,,,,,,,,
3/7/2024,18,Tule Red,TR3,Native,Prickly Sculpin,1,0,69,#DIV/0!,69,,,,,,,,,,,,,,,,,,,,,,,,,,,,,,
3/7/2024,18,Tule Red,TR3,Native,Sacramento Pikeminnow,3,0,64.33333333,7.234178138,68,69,56,,,,,,,,,,,,,,,,,,,,,,,,,,,,
3/7/2024,18,Tule Red,TR3,Threespine Stickleback,Threespine Stickleback,3,0,32.33333333,6.110100927,27,39,31,,,,,,,,,,,,,,,,,,,,,,,,,,,,
3/7/2024,18,Tule Red,TR3,Non-native,Exopaliamon Shrimp,11,11,#DIV/0!,#DIV/0!,,,,,,,,,,,,,,,,,,,,,,,,,,,,,,,
3/7/2024,18,Tule Red,TR2,Inland Silverside,Inland Silverside,1,0,50,#DIV/0!,50,,,,,,,,,,,,,,,,,,,,,,,,,,,,,,
3/7/2024,18,Tule Red,TR2,Listed,Chinook Salmon,2,0,34.5,2.121320344,33,36,,,,,,,,,,,,,,,,,,,,,,,,,,,,,
3/7/2024,18,Tule Red,TR4,Inland Silverside,Inland Silverside,144,114,60.9,8.087239843,59,77,60,73,55,75,66,51,70,61,73,60,67,62,62,54,63,63,57,67,57,59,59,46,60,62,62,51,54,42,
3/7/2024,18,Tule Red,TR4,Threespine Stickleback,Threespine Stickleback,4,0,37.5,9.814954576,23,40,44,43,,,,,,,,,,,,,,,,,,,,,,,,,,,
3/7/2024,18,Tule Red,TR4,Native,Pacific Staghorn Sculpin,20,0,37.15,10.78144117,31,50,28,37,46,33,33,45,21,29,52,27,46,38,45,30,24,23,47,58,,,,,,,,,,,
3/7/2024,18,Tule Red,TR4,Listed,Chinook Salmon,6,0,38,3.847076812,35,33,40,44,38,38,,,,,,,,,,,,,,,,,,,,,,,,,
3/7/2024,18,Tule Red,TR4,Native,Sacramento Pikeminnow,8,0,66.875,11.24325194,57,68,68,64,58,59,69,92,,,,,,,,,,,,,,,,,,,,,,,
3/7/2024,18,Tule Red,TR4,Listed,Splittail,4,0,100,15.340578,122,90,99,89,,,,,,,,,,,,,,,,,,,,,,,,,,,
3/7/2024,18,Tule Red,TR4,Non-native,Rainwater Killifish,15,0,22.73333333,4.131182236,21,26,19,21,26,24,27,28,27,25,14,25,22,18,18,,,,,,,,,,,,,,,,
3/7/2024,18,Tule Red,TR4,Native,Prickly Sculpin,4,0,28.5,11.8462371,46,20,23,25,,,,,,,,,,,,,,,,,,,,,,,,,,,
3/7/2024,18,Tule Red,TR4,Non-native,Exopaliamon Shrimp,1,1,#DIV/0!,#DIV/0!,,,,,,,,,,,,,,,,,,,,,,,,,,,,,,,
3/4/2024,18,Denverton,DPOUT,Non-native,Mosquitofish,14,0,28.71428571,7.268780148,36,25,20,34,25,29,30,20,17,40,26,35,26,39,,,,,,,,,,,,,,,,,
3/4/2024,18,Denverton,DPOUT,Threespine Stickleback,Threespine Stickleback,2,0,38,1.414213562,37,39,,,,,,,,,,,,,,,,,,,,,,,,,,,,,
3/4/2024,18,Denverton,DPOUT,Non-native,Bluegill Sunfish,1,0,51,#DIV/0!,51,,,,,,,,,,,,,,,,,,,,,,,,,,,,,,
3/4/2024,18,Denverton,DP5,Inland Silverside,Inland Silverside,11,0,67.36363636,4.610265226,65,66,62,72,71,72,64,63,75,62,69,,,,,,,,,,,,,,,,,,,,
3/4/2024,18,Denverton,DP5,Inland Silverside,Inland Silverside,200,170,67.26666667,4.813295762,74,70,67,62,60,65,68,70,64,63,65,67,64,61,69,77,69,54,63,70,70,66,75,72,64,70,70,68,71,70,
3/4/2024,18,Denverton,DP5,Threespine Stickleback,Threespine Stickleback,2,0,34.5,10.60660172,27,42,,,,,,,,,,,,,,,,,,,,,,,,,,,,,
3/4/2024,18,Denverton,DP5,Native,California Bay Shrimp,1,1,#DIV/0!,#DIV/0!,,,,,,,,,,,,,,,,,,,,,,,,,,,,,,,
3/4/2024,18,Denverton,DP5,Non-native,Exopaliamon Shrimp,3,3,#DIV/0!,#DIV/0!,,,,,,,,,,,,,,,,,,,,,,,,,,,,,,,
2/22/2024,17,Tule Red,TR2,Native,Tule Perch,2,0,131,12.72792206,140,122,,,,,,,,,,,,,,,,,,,,,,,,,,,,,
2/22/2024,17,Tule Red,TR2,Native,Sacramento Sucker,1,0,121,#DIV/0!,121,,,,,,,,,,,,,,,,,,,,,,,,,,,,,,
2/22/2024,17,Tule Red,TR2,Inland Silverside,Inland Silverside,5,0,53.2,17.23948955,78,48,56,54,30,,,,,,,,,,,,,,,,,,,,,,,,,,
2/22/2024,17,Tule Red,TR2,Non-native,Stripped Bass,4,0,97.25,9.708243919,100,109,86,94,,,,,,,,,,,,,,,,,,,,,,,,,,,
2/22/2024,17,Tule Red,TR2,Native,Sacramento Pikeminnow,1,0,72,#DIV/0!,72,,,,,,,,,,,,,,,,,,,,,,,,,,,,,,
2/22/2024,17,Tule Red,TR2,Non-native,Exopaliamon Shrimp,1,1,#DIV/0!,#DIV/0!,,,,,,,,,,,,,,,,,,,,,,,,,,,,,,,
2/24/2024,17,Miramonte,MRM5,Threespine Stickleback,Threespine Stickleback,66,36,29.33333333,4.349659783,31,30,28,25,25,34,34,32,35,31,24,32,37,24,29,30,30,26,27,34,21,39,26,32,29,29,23,32,25,26,
2/22/2024,17,Tule Red,TR3,Listed,Chinook Salmon,2,0,34,1.414213562,33,35,,,,,,,,,,,,,,,,,,,,,,,,,,,,,
2/22/2024,17,Tule Red,TR3,Inland Silverside,Inland Silverside,43,13,47.33333333,6.944773939,49,51,40,54,54,32,40,54,41,42,42,51,55,43,56,39,56,50,59,45,49,45,41,57,49,44,40,57,42,43,
2/22/2024,17,Tule Red,TR3,Threespine Stickleback,Threespine Stickleback,4,0,36,7.118052168,26,36,40,42,,,,,,,,,,,,,,,,,,,,,,,,,,,
2/22/2024,17,Tule Red,TR3,Non-native,American Shad,1,0,78,#DIV/0!,78,,,,,,,,,,,,,,,,,,,,,,,,,,,,,,
2/22/2024,17,Tule Red,TR3,Non-native,Rainwater Killifish,4,0,21.5,4.123105626,18,24,18,26,,,,,,,,,,,,,,,,,,,,,,,,,,,
2/22/2024,17,Tule Red,TR3,Native,Sacramento Pikeminnow,5,0,73.8,25.4892134,82,81,105,65,36,,,,,,,,,,,,,,,,,,,,,,,,,,
2/22/2024,17,Tule Red,TR3,Non-native,Exopaliamon Shrimp,7,7,#DIV/0!,#DIV/0!,,,,,,,,,,,,,,,,,,,,,,,,,,,,,,,
2/22/2024,17,Tule Red,TR3,Native,Pacific Staghorn Sculpin,12,0,34.91666667,9.958626533,16,41,41,28,29,49,46,42,24,41,34,28,,,,,,,,,,,,,,,,,,,
2/24/2024,17,Miramonte,MRM6,Inland Silverside,Inland Silverside,85,55,28,4.291129584,29,36,22,29,34,33,27,26,27,25,25,22,26,25,29,27,36,28,23,28,29,26,37,21,29,33,27,23,32,26,
2/24/2024,17,Miramonte,MRM6,Native,Prickly Sculpin,3,0,21.66666667,2.081665999,20,24,21,,,,,,,,,,,,,,,,,,,,,,,,,,,,
2/24/2024,17,Miramonte,MRM6,Non-native,Rainwater Killifish,3,0,30.66666667,1.527525232,32,31,29,,,,,,,,,,,,,,,,,,,,,,,,,,,,
2/22/2024,17,Tule Red,TR4,Inland Silverside,Inland Silverside,864,834,54.5,7.546408143,56,48,51,68,53,53,65,53,64,57,52,42,35,62,53,58,55,50,44,50,49,59,63,58,47,59,50,54,68,59,
2/22/2024,17,Tule Red,TR4,Listed,Chinook Salmon,5,0,37.8,6.496152708,34,38,34,34,49,,,,,,,,,,,,,,,,,,,,,,,,,,
2/22/2024,17,Tule Red,TR4,Non-native,Rainwater Killifish,4,0,26.75,1.892969449,27,28,28,24,,,,,,,,,,,,,,,,,,,,,,,,,,,
2/22/2024,17,Tule Red,TR4,Listed,Splittail,2,0,51,9.899494937,44,58,,,,,,,,,,,,,,,,,,,,,,,,,,,,,
2/22/2024,17,Tule Red,TR4,Native,Sacramento Pikeminnow,11,0,62.63636364,6.845038017,78,62,61,63,65,68,62,58,65,54,53,,,,,,,,,,,,,,,,,,,,
2/22/2024,17,Tule Red,TR4,Non-native,Exopaliamon Shrimp,2,2,#DIV/0!,#DIV/0!,,,,,,,,,,,,,,,,,,,,,,,,,,,,,,,
2/22/2024,17,Tule Red,TR4,Native,Pacific Staghorn Sculpin,1,1,#DIV/0!,#DIV/0!,,,,,,,,,,,,,,,,,,,,,,,,,,,,,,,
2/21/2024,17,Denverton,DP3,Inland Silverside,Inland Silverside,145,115,66.03333333,3.791854549,67,71,60,67,72,67,64,64,68,71,58,67,62,63,62,65,65,69,66,64,73,73,66,62,67,63,71,65,63,66,
2/21/2024,17,Denverton,DP3,Threespine Stickleback,Threespine Stickleback,4,0,37,8.717797887,42,42,40,24,,,,,,,,,,,,,,,,,,,,,,,,,,,
2/21/2024,17,Denverton,DP3,Native,Prickly Sculpin,1,0,48,#DIV/0!,48,,,,,,,,,,,,,,,,,,,,,,,,,,,,,,
2/21/2024,17,Denverton,DP3,Non-native,Exopaliamon Shrimp,1,1,#DIV/0!,#DIV/0!,,,,,,,,,,,,,,,,,,,,,,,,,,,,,,,
2/16/2023,17,Miramonte,MRM7,Inland Silverside,Inland Silverside,37,7,30.53333333,7.431217162,32,29,24,33,28,32,27,30,28,33,45,29,35,26,34,29,34,27,26,20,33,31,23,61,23,31,30,27,25,31,
2/16/2023,17,Miramonte,MRM7,Native,Prickly Sculpin,1,0,12,#DIV/0!,12,,,,,,,,,,,,,,,,,,,,,,,,,,,,,,
1/24/2024,16,Denverton,DPOUT,Non-native,Black Crappie,1,0,53,#DIV/0!,53,,,,,,,,,,,,,,,,,,,,,,,,,,,,,,
1/24/2024,16,Denverton,DPOUT,Threespine Stickleback,Threespine Stickleback,1,0,37,#DIV/0!,37,,,,,,,,,,,,,,,,,,,,,,,,,,,,,,
1/24/2024,16,Denverton,DP5,,NONE,0,,#DIV/0!,#DIV/0!,,,,,,,,,,,,,,,,,,,,,,,,,,,,,,,
1/24/2024,16,Denverton,DP3,Threespine Stickleback,Threespine Stickleback,1,0,37,#DIV/0!,37,,,,,,,,,,,,,,,,,,,,,,,,,,,,,,
12/12/2023,15,Tule Red,TR3,Inland Silverside,Inland Silverside,196,166,34.6,7.341896776,45,34,29,41,30,21,47,46,45,39,31,39,34,34,36,22,43,28,40,32,27,38,28,40,20,29,36,37,37,30,
12/12/2023,15,Tule Red,TR3,Threespine Stickleback,Threespine Stickleback,11,0,21.18181818,9.368224825,40,17,39,16,18,17,22,13,19,18,14,,,,,,,,,,,,,,,,,,,,
12/12/2023,15,Tule Red,TR3,Non-native,Mosquitofish,11,1,22.9,5.546770832,21,20,32,22,30,19,27,19,25,14,,,,,,,,,,,,,,,,,,,,,
12/12/2023,15,Tule Red,TR3,Non-native,Rainwater Killifish,103,73,18.83333333,3.723951677,24,19,19,18,14,21,19,20,16,22,21,18,16,20,18,13,13,14,17,19,21,29,15,18,16,21,18,22,17,27,
12/12/2023,15,Tule Red,TR3,Non-native,Yellowfin Goby,1,0,123,#DIV/0!,123,,,,,,,,,,,,,,,,,,,,,,,,,,,,,,
12/12/2023,15,Tule Red,TR3,Non-native,Exopaliamon Shrimp,5,5,#DIV/0!,#DIV/0!,,,,,,,,,,,,,,,,,,,,,,,,,,,,,,,
12/12/2023,15,Tule Red,TR3,Non-native,Exopaliamon Shrimp,1,1,#DIV/0!,#DIV/0!,,,,,,,,,,,,,,,,,,,,,,,,,,,,,,,
12/12/2023,15,Tule Red,TR4,Inland Silverside,Inland Silverside,60,30,45.2,8.563756829,45,51,78,49,45,47,52,48,50,30,35,41,44,47,40,46,48,47,45,30,46,54,43,52,38,42,40,45,39,39,
12/12/2023,15,Tule Red,TR4,Non-native,Rainwater Killifish,1,0,22,#DIV/0!,22,,,,,,,,,,,,,,,,,,,,,,,,,,,,,,
12/12/2023,15,Tule Red,TR4,Threespine Stickleback,Threespine Stickleback,1,0,38,#DIV/0!,38,,,,,,,,,,,,,,,,,,,,,,,,,,,,,,
12/12/2023,15,Tule Red,TR2,,NONE,0,,#DIV/0!,#DIV/0!,,,,,,,,,,,,,,,,,,,,,,,,,,,,,,,
4/2/2024,19,Denverton,DP3,Threespine Stickleback,Threespine Stickleback,10,0,36,9.006170724,20,46,31,30,46,42,32,28,40,45,,,,,,,,,,,,,,,,,,,,,
4/2/2024,19,Denverton,DP3,Inland Silverside,Inland Silverside,1,0,79,#DIV/0!,79,,,,,,,,,,,,,,,,,,,,,,,,,,,,,,
4/2/2024,19,Denverton,DP3,Non-native,Mosquitofish,1,0,14,#DIV/0!,14,,,,,,,,,,,,,,,,,,,,,,,,,,,,,,
4/2/2024,19,Denverton,DP3,Non-native,Exopaliamon Shrimp,2,2,#DIV/0!,#DIV/0!,,,,,,,,,,,,,,,,,,,,,,,,,,,,,,,
4/2/2024,19,Denverton,DPOUT,Non-native,Mosquitofish,57,27,33.53333333,4.141741541,32,40,31,33,40,32,36,34,29,31,33,29,37,32,32,29,32,37,36,27,29,39,34,31,32,36,39,27,33,44,
4/2/2024,19,Denverton,DPOUT,Threespine Stickleback,Threespine Stickleback,8,0,31.875,10.06319319,21,27,43,24,41,47,26,26,,,,,,,,,,,,,,,,,,,,,,,
4/2/2024,19,Denverton,DPOUT,Non-native,Rainwater Killifish,1,0,27,#DIV/0!,27,,,,,,,,,,,,,,,,,,,,,,,,,,,,,,
4/2/2024,19,Denverton,DP5,Threespine Stickleback,Threespine Stickleback,14,0,38.28571429,9.949322137,42,44,45,44,47,40,50,45,25,39,45,21,25,24,,,,,,,,,,,,,,,,,
4/2/2024,19,Denverton,DP5,Non-native,Black Crappie,2,0,61,1.414213562,62,60,,,,,,,,,,,,,,,,,,,,,,,,,,,,,
4/2/2024,19,Denverton,DP5,Non-native,Rainwater Killifish,2,0,32.5,3.535533906,35,30,,,,,,,,,,,,,,,,,,,,,,,,,,,,,
